<?xml version="1.0" encoding="ISO-8859-1"?>

<product productid="randompost" active="1">
	<title>Random Post</title>
	<description>Display random posts from your message board</description>
	<version>1.0</version>
  <url>http://code.google.com/p/vbrandompost/</url>
	<versioncheckurl />
	<apm_author>Adalid Claure</apm_author>
	<apm_relatedurl />
	<apm_extrainfo>http://code.google.com/p/vbrandompost/</apm_extrainfo>
	<apm_extraedit />
	<dependencies>
	</dependencies>
	<codes>
		<code version="1.0">
			<installcode/>
			<uninstallcode/>
		</code>
	</codes>
	<templates>
		<template name="randompost" templatetype="template" date="" username="" version="1.0">
    <![CDATA[
$stylevar[htmldoctype]
<html xmlns="http://www.w3.org/1999/xhtml" dir="$stylevar[textdirection]" lang="$stylevar[languagecode]">
<head>
	$headinclude
	<title>$vboptions[bbtitle] - $custompagetitle</title>
</head>
<body>
$header
$navbar

	<table class="tborder" cellpadding="$stylevar[cellpadding]" cellspacing="$stylevar[cellspacing]" border="0" width="100%">
	<tr>
    <td class="tcat" width="75%">
      $vbphrase[viewrandompost]
  		<div style="float: right;">
  			<strong><a href="randompost.php?postid=$randomid">$vbphrase[nextrandompost]</a></strong>
    </td>
  </tr>
  <tr>
  	<td class="tcat">
  		<div class="smallfont" style="float: left;">
  			<strong>$vbphrase[thread]</strong>:  <a style="text-decoration: underline;" href="showthread.php?p=$post[postid]#post$post[postid]">$threadinfo[title]</a>
  		</div>
  		<div class="smallfont" style="float: right;">
  			<strong>$vbphrase[forum]</strong>:  <a style="text-decoration: underline;" href="forumdisplay.php?p=$foruminfo[forumid]">$foruminfo[title]</a>
  		</div>      
  	</td>
  </tr>
  </table>
  
	<table class="tborder" cellpadding="$stylevar[cellpadding]" cellspacing="$stylevar[cellspacing]" border="0" width="100%">
  $postbits
  </table>
  <br/> 
      
$footer
</body>
</html>		      
    ]]>
    </template>
	</templates>
	<plugins>
	</plugins>
	<phrases>
    <phrasetype name="GLOBAL" fieldname="global">
      <phrase name="randompost"><![CDATA[Random Post]]></phrase>
      <phrase name="viewrandompost"><![CDATA[View Random Post]]></phrase>
      <phrase name="nextrandompost"><![CDATA[Next Post]]></phrase>
    </phrasetype>
    <phrasetype name="Error Messages" fieldname="error">      
      <phrase name="could_not_find_random_post"><![CDATA[Could not find a random post to display. Please <a href="{1}/randompost.php">try again</a>.]]></phrase>
    </phrasetype>
    <phrasetype name="vBulletin Settings" fieldname="vbsettings">
      <phrase name="settinggroup_randompost" date="" username="" version="1.0"><![CDATA[Random Post Options]]></phrase>
      <phrase name="setting_randompost_groups_desc" date="" username="" version="1.0"><![CDATA[Comma seperated list of usergroup id's allowed to view random posts. Use zero (0) or a blank list to allow all groups access.]]></phrase>
      <phrase name="setting_randompost_groups_title" date="" username="" version="1.0"><![CDATA[Usergroups Allowed]]></phrase>
      <phrase name="setting_randompost_forums_desc" date="" username="" version="1.0"><![CDATA[Comma seperated list of forum id's from which to display random posts. This plugin honors forum permissions and does not display posts from forums to which the user does not have access. Use 0 to allow all forums (to which the user has access).]]></phrase>
      <phrase name="setting_randompost_forums_title" date="" username="" version="1.0"><![CDATA[Forums]]></phrase>
    </phrasetype>
    </phrases>
	<options>
    <settinggroup name="randompost" displayorder="65535">
      <setting varname="randompost_groups" displayorder="20">
        <datatype>free</datatype>
        <defaultvalue>0</defaultvalue>
      </setting>
      <setting varname="randompost_forums" displayorder="20">
        <datatype>free</datatype>
        <defaultvalue>0</defaultvalue>
      </setting>      
    </settinggroup>
	</options>
	<helptopics>
	</helptopics>
	<cronentries>
	</cronentries>
	<faqentries>
	</faqentries>
</product>
